{"model":{"version":3,"nodes":[{"name":"RootNode","position":[0,0,0],"rotation":[0,0,0],"scale":[0.01,0.01,0.01],"scaleCompensation":false},{"name":"taco bilha.taco bilh2","position":[0,0,140.902],"rotation":[179.35,-0,0],"scale":[1,1,1],"scaleCompensation":false}],"parents":[-1,0],"skins":[],"morphs":[],"vertices":[{"position":{"type":"float32","components":3,"data":[2.90251,-0.762,-1.48945,2.90253,-0.762,-1.48717,2.90253,-0.762,0.114126,2.90253,-0.762,-1.48793,-0.159308,-0.762,-1.48945,-0.159334,-0.762,-1.48717,-0.159334,-0.762,-1.48793,-0.159334,-0.762,0.114126,-0.159308,-0.762,0.116403,-0.159231,-0.762,0.117918,-0.159231,-0.762,-1.49096,-0.159101,-0.762,0.119431,-0.159101,-0.762,-1.49247,-0.15892,-0.762,0.120938,-0.15892,-0.762,-1.49398,-0.158688,-0.762,0.122438,-0.158688,-0.762,-1.49548,-0.158405,-0.762,0.123929,-0.158405,-0.762,-1.49697,-0.15807,-0.762,0.125409,-0.15807,-0.762,-1.49845,-0.157686,-0.762,0.126878,-0.157686,-0.762,-1.49992,-0.157252,-0.762,0.128332,-0.157252,-0.762,-1.50138,-0.156768,-0.762,-1.50282,-0.156768,-0.762,0.12977,-0.156235,-0.762,-1.50424,-0.156235,-0.762,0.131192,-0.155654,-0.762,-1.50564,-0.155654,-0.762,0.132594,-0.155026,-0.762,-1.50702,-0.155026,-0.762,0.133976,-0.154351,-0.762,-1.50838,-0.154351,-0.762,0.135335,-0.15363,-0.762,-1.50971,-0.15363,-0.762,0.13667,-0.152863,-0.762,-1.51103,-0.152863,-0.762,0.137981,-0.152053,-0.762,0.139264,-0.152053,-0.762,-1.51231,-0.151199,-0.762,-1.51356,-0.151199,-0.762,0.140518,-0.150302,-0.762,-1.51479,-0.150302,-0.762,0.141743,-0.149365,-0.762,-1.51598,-0.149365,-0.762,0.142937,-0.148387,-0.762,-1.51714,-0.148387,-0.762,0.144098,-0.14737,-0.762,-1.51827,-0.14737,-0.762,0.145225,-0.146315,-0.762,-1.51936,-0.146315,-0.762,0.146316,-0.145224,-0.762,-1.52042,-0.145224,-0.762,0.147371,-0.144097,-0.762,-1.52143,-0.144097,-0.762,0.148388,-0.142936,-0.762,-1.52241,-0.142936,-0.762,0.149365,-0.141743,-0.762,0.150303,-0.141743,-0.762,-1.52335,-0.140518,-0.762,-1.52424,-0.140518,-0.762,0.151199,-0.139263,-0.762,-1.5251,-0.139263,-0.762,0.152053,-0.13798,-0.762,-1.52591,-0.13798,-0.762,0.152864,-0.13667,-0.762,-1.52667,-0.13667,-0.762,0.15363,-0.135334,-0.762,-1.5274,-0.135334,-0.762,0.154352,-0.133975,-0.762,0.155027,-0.133975,-0.762,-1.52807,-0.132593,-0.762,-1.5287,-0.132593,-0.762,0.155655,-0.131191,-0.762,-1.52928,-0.131191,-0.762,0.156236,-0.12977,-0.762,-1.52981,-0.12977,-0.762,0.156769,-0.128331,-0.762,-1.5303,-0.128331,-0.762,0.157252,-0.126877,-0.762,-1.53073,-0.126877,-0.762,0.157687,-0.125408,-0.762,-1.53112,-0.125408,-0.762,0.158071,-0.123928,-0.762,-1.53145,-0.123928,-0.762,0.158405,-0.122437,-0.762,-1.53173,-0.122437,-0.762,0.158689,-0.120937,-0.762,-1.53197,-0.120937,-0.762,0.158921,-0.11943,-0.762,-1.53215,-0.11943,-0.762,0.159102,-0.117918,-0.762,-1.53228,-0.117918,-0.762,0.159231,-0.116402,-0.762,-1.53235,-0.116402,-0.762,0.159309,-0.115744,-0.762,-1.53235,-0.114884,-0.762,0.159335,-0.114884,-0.762,-1.53238,2.85808,-0.762,-1.53238,2.85808,-0.762,0.159335,2.8596,-0.762,0.159309,2.8596,-0.762,-1.53235,2.86112,-0.762,0.159231,2.86112,-0.762,-1.53228,2.86263,-0.762,0.159102,2.86263,-0.762,-1.53215,2.86414,-0.762,0.158921,2.86414,-0.762,-1.53197,2.86564,-0.762,-1.53173,2.86564,-0.762,0.158689,2.86713,-0.762,0.158405,2.86713,-0.762,-1.53145,2.86861,-0.762,0.158071,2.86861,-0.762,-1.53112,2.87007,-0.762,-1.53073,2.87007,-0.762,0.157687,2.87153,-0.762,0.157252,2.87153,-0.762,-1.5303,2.87297,-0.762,0.156769,2.87297,-0.762,-1.52981,2.87439,-0.762,0.156236,2.87439,-0.762,-1.52928,2.87579,-0.762,0.155655,2.87579,-0.762,-1.5287,2.87717,-0.762,0.155027,2.87717,-0.762,-1.52807,2.87853,-0.762,-1.5274,2.87853,-0.762,0.154352,2.87987,-0.762,0.15363,2.87987,-0.762,-1.52667,2.88118,-0.762,0.152864,2.88118,-0.762,-1.52591,2.88246,-0.762,0.152053,2.88246,-0.762,-1.5251,2.88372,-0.762,-1.52424,2.88372,-0.762,0.151199,2.88494,-0.762,0.150303,2.88494,-0.762,-1.52335,2.88614,-0.762,0.149365,2.88614,-0.762,-1.52241,2.8873,-0.762,0.148388,2.8873,-0.762,-1.52143,2.88842,-0.762,0.147371,2.88842,-0.762,-1.52042,2.88951,-0.762,0.146316,2.88951,-0.762,-1.51936,2.89057,-0.762,0.145225,2.89057,-0.762,-1.51827,2.89159,-0.762,0.144098,2.89159,-0.762,-1.51714,2.89256,-0.762,0.142937,2.89256,-0.762,-1.51598,2.8935,-0.762,0.141743,2.8935,-0.762,-1.51479,2.8944,-0.762,0.140518,2.8944,-0.762,-1.51356,2.89525,-0.762,-1.51231,2.89525,-0.762,0.139264,2.89606,-0.762,0.137981,2.89606,-0.762,-1.51103,2.89683,-0.762,0.13667,2.89683,-0.762,-1.50971,2.89755,-0.762,0.135335,2.89755,-0.762,-1.50838,2.89823,-0.762,0.133976,2.89823,-0.762,-1.50702,2.89885,-0.762,0.132594,2.89885,-0.762,-1.50564,2.89944,-0.762,0.131192,2.89944,-0.762,-1.50424,2.89997,-0.762,0.12977,2.89997,-0.762,-1.50282,2.90045,-0.762,0.128332,2.90045,-0.762,-1.50138,2.90089,-0.762,0.126878,2.90089,-0.762,-1.49992,2.90127,-0.762,0.125409,2.90127,-0.762,-1.49845,2.9016,-0.762,0.123929,2.9016,-0.762,-1.49697,2.90189,-0.762,0.122438,2.90189,-0.762,-1.49548,2.90212,-0.762,0.120938,2.90212,-0.762,-1.49398,2.9023,-0.762,0.119431,2.9023,-0.762,-1.49247,2.90243,-0.762,0.117918,2.90243,-0.762,-1.49096,2.90251,-0.762,0.116403,2.90253,-0.762,0.114885,-0.159334,-0.762,0.114885,-0.159334,0,0.114126,-0.159334,-0.762,0.114885,-0.159334,0,0.114885,-0.159334,-0.762,0.114126,-0.159334,-0,-1.48717,-0.159334,-0.762,0.114126,-0.159334,0,0.114126,-0.159334,-0.762,-1.48717,-0.159334,0,0.114885,-0.159308,-0.762,0.116403,-0.159308,0,0.116403,-0.159334,-0.762,0.114885,-0.159334,-0,-1.48793,-0.159334,-0.762,-1.48717,-0.159334,-0,-1.48717,-0.159334,-0.762,-1.48793,-0.159231,-0.762,0.117918,-0.159231,0,0.117918,-0.159308,-0,-1.48945,-0.159334,-0.762,-1.48793,-0.159334,-0,-1.48793,-0.159308,-0.762,-1.48945,-0.159101,-0.762,0.119431,-0.159101,0,0.119431,-0.159231,-0,-1.49096,-0.159231,-0.762,-1.49096,-0.15892,-0.762,0.120938,-0.15892,0,0.120938,-0.159101,-0,-1.49247,-0.159101,-0.762,-1.49247,-0.158688,-0.762,0.122438,-0.158688,0,0.122438,-0.15892,-0,-1.49398,-0.15892,-0.762,-1.49398,-0.158405,-0.762,0.123929,-0.158405,0,0.123929,-0.158688,-0,-1.49548,-0.158688,-0.762,-1.49548,-0.15807,-0.762,0.125409,-0.15807,0,0.125409,-0.158405,-0,-1.49697,-0.158405,-0.762,-1.49697,-0.157686,-0.762,0.126878,-0.157686,0,0.126877,-0.15807,-0,-1.49845,-0.15807,-0.762,-1.49845,-0.157252,-0.762,0.128332,-0.157252,0,0.128332,-0.157686,-0,-1.49992,-0.157686,-0.762,-1.49992,-0.156768,-0.762,0.12977,-0.156768,0,0.12977,-0.157252,-0,-1.50138,-0.157252,-0.762,-1.50138,-0.156235,-0.762,0.131192,-0.156235,0,0.131192,-0.156768,-0,-1.50282,-0.156768,-0.762,-1.50282,-0.155654,-0.762,0.132594,-0.155654,0,0.132594,-0.156235,-0,-1.50424,-0.156235,-0.762,-1.50424,-0.155026,-0.762,0.133976,-0.155026,0,0.133976,-0.155654,-0,-1.50564,-0.155654,-0.762,-1.50564,-0.154351,-0.762,0.135335,-0.154351,0,0.135335,-0.155026,-0,-1.50702,-0.155026,-0.762,-1.50702,-0.15363,-0.762,0.13667,-0.15363,0,0.13667,-0.154351,-0,-1.50838,-0.154351,-0.762,-1.50838,-0.152863,-0.762,0.137981,-0.152863,0,0.137981,-0.15363,-0,-1.50971,-0.15363,-0.762,-1.50971,-0.152053,-0.762,0.139264,-0.152053,0,0.139264,-0.152863,-0,-1.51103,-0.152863,-0.762,-1.51103,-0.151199,-0.762,0.140518,-0.151199,0,0.140518,-0.152053,-0,-1.51231,-0.152053,-0.762,-1.51231,-0.150302,-0.762,0.141743,-0.150302,0,0.141743,-0.151199,-0,-1.51356,-0.151199,-0.762,-1.51356,-0.149365,-0.762,0.142937,-0.149365,0,0.142937,-0.150302,-0,-1.51479,-0.150302,-0.762,-1.51479,-0.148387,-0.762,0.144098,-0.148387,0,0.144098,-0.149365,-0,-1.51598,-0.149365,-0.762,-1.51598,-0.14737,-0.762,0.145225,-0.14737,0,0.145225,-0.148387,-0,-1.51714,-0.148387,-0.762,-1.51714,-0.146315,-0.762,0.146316,-0.146315,0,0.146316,-0.14737,-0,-1.51827,-0.14737,-0.762,-1.51827,-0.145224,0,0.147371,-0.145224,-0.762,0.147371,-0.146315,-0,-1.51936,-0.146315,-0.762,-1.51936,-0.144097,0,0.148388,-0.144097,-0.762,0.148388,-0.145224,-0.762,-1.52042,-0.145224,-0,-1.52042,-0.142936,0,0.149365,-0.142936,-0.762,0.149365,-0.144097,-0.762,-1.52143,-0.144097,-0,-1.52143,-0.141743,0,0.150303,-0.141743,-0.762,0.150303,-0.142936,